No.,Age,BMI,RBC,HGB,WBC,PLT,PMN,LYMPH,MONOC,tPSA,fPSA,PV,PSAD,GLU,CRE,ALT,AST,AST/ALT,Prostate Cancer
1,71,23.87511478,3.37,105,5.52,195,3.39,1.66,0.28,13.242,2.598,72.384,0.182940981,4.4,62,26,19,0.75,negative
2,75,23.62,4.85,137,4.25,155,2.72,1.01,0.33,30.57,2.24,50.21,0.61,4.8,52,14,16,1.14,positive
3,70,19.14,3.58,118,1.95,1.75,0.73,0.65,0.49,20.07,7.77,50.64,0.4,6,63,22,17,0.77,positive
4,84,22.03856749,4.99,158,9.1,220,7.85,0.84,0.28,8.798,1.183,60.88992,0.144490254,5.6,58,18,21,1.17,negative
5,75,21.55102041,4.66,153,4.16,251,2.85,1.04,0.23,10.14,1.88,56.4564,0.179607626,5.9,55,17,20,1.18,negative
6,70,20.76124567,4.37,136,4.05,192,2.13,1.37,0.29,15.17,4.46,36.52,0.415,4.1,66,8,15,1.88,negative
7,76,21.79930796,4.92,155,7.98,230,6.26,1.21,0.48,6.7,1.97,58.427,0.114673011,4.7,64,17,22,1.29,negative
8,75,24.22145329,4.46,124,5.78,170,4.96,0.51,0.22,10.97,2.76,81.8532,0.134020417,7,79,11,12,1.09,negative
9,73,29.0486565,4.11,123,7.27,223,4.68,1.83,0.55,12.69,1.91,141.59808,0.089619859,6.5,53,15,11,0.73,negative
10,57,24.8015873,4.83,151,6.05,164,4.25,1.38,0.35,5.38,0.9,31.24,0.172215109,7.4,57,28,21,0.75,negative
11,84,25.95,3.8,125,8.2,176,6.57,1,0.6,151,18.7,65.78,2.295530556,6.2,66,13,19,1.46,positive
12,71,22.86236854,5.31,164,15.09,310,13.49,0.88,0.71,26.86,10.48,51.02448,0.526413988,14.4,74,14,11,0.76,negative
13,63,22.03856749,5.21,149,4.1,203,2.72,1.15,0.14,11.983,2.137,37.91424,0.316055392,4.9,72,14,22,1.57,negative
14,65,24.22145329,3.96,124,3.99,222,2.5,1.1,0.33,147.35,20.1,75.22,1.96,4.4,71,20,20,1,positive
15,76,20.88275586,4.39,137,8.34,244,5.22,2.52,0.42,154,19.3,46.35696,3.322047002,4.9,44,14,48,3.39,positive
16,71,20.93663912,4.13,119,4.23,186,2.36,1.39,0.38,11.282,1.362,28.22144,0.399766986,3.8,80,14,27,1.93,positive
17,57,25.35,5.31,160,6.96,210,4.26,2.2,0.32,14.92,1.37,67.34,0.221562222,5.5,71,21,19,0.9,positive
18,55,20.76124567,4.55,149,7.89,269,63.4,2.37,0.43,28.54,2.77,32.99,0.87,5.2,51,33,24,0.72,negative
19,68,25.09,4.43,136,7.85,180,5.81,1.52,0.46,9.27,1.57,15.5,0.6,4.9,74,20,15,0.75,positive
20,76,26.34649403,3.94,122,7.16,175,5.66,0.94,0.5,6.693,1.068,57.018,0.117383984,4.8,73,13,13,1,positive
21,82,23.4375,3.79,131,4.81,191,3.02,1.19,0.37,12.312,1.16,54.912,0.224213287,3.8,61,11,13,1.18,positive
22,67,21.12029385,2.16,73,5.87,263,4.52,0.76,0.41,43.513,14.984,106.5792,0.408269156,4.6,641,12,23,1.92,negative
23,73,24.48979592,4.06,114,7.32,184,5.39,0.92,0.67,17.606,1.924,86.371,0.203841567,4.6,83,19,18,0.94,negative
24,76,24.22145329,5.04,152,8.28,278,6.41,1.32,0.48,11.987,3.105,67.063,0.178742377,6.6,91,18,22,1.25,negative
25,54,26.12244898,4.67,142,5.78,268,3.58,1.73,0.36,154,19.3,65.44512,2.353116627,4.5,63,30,23,0.77,positive
26,69,23.51020408,4.74,147,6.8,221,3.47,2.61,0.63,9.545,1.223,45.078,0.211744088,4.2,67,29,26,0.9,positive
27,76,20.76124567,4.42,119,7.82,362,6.12,1.03,0.37,154,19.3,27.439,5.612449433,6.7,62,13,17,1.31,positive
28,74,17.99307958,4.33,133,4.55,307,2.62,1.26,0.45,154,19.3,91.23192,1.688005689,5.7,60,14,17,1.21,positive
29,81,22.86236854,4.22,135,4.24,292,2.73,0.82,0.48,6.031,1.234,82.472,0.073127849,4.8,51,22,23,1.05,positive
30,61,29.296875,4.57,150,6.37,340,3.59,2.29,0.33,9.676,1.023,35.28,0.274263039,3.9,76,20,18,0.9,negative
31,65,23.66143862,5.4,166,8.34,228,4.58,3.09,0.42,9.649,1.309,48.074,0.200711403,5.4,76,27,17,0.63,positive
32,73,26.29757785,4.29,121,7.77,239,5.71,1.47,0.44,21.55,2.82,63.5076,0.339329466,5.3,71,14,18,1.29,positive
33,61,28.96,4.88,146,5.96,197,3.56,1.76,0.39,12.49,2.02,61.08,0.2,4.7,67,17,14,0.82,negative
34,76,31.14186851,4.43,141,3.98,74,2.91,0.51,0.54,20.2,1.03,23.962,0.843001419,9.8,82,38,34,0.9,negative
35,73,19.03114187,4.22,128,8.34,246,4.55,2.84,0.51,0.59,0.275,25.21168,0.023401852,5.4,60,25,21,0.84,negative
36,75,25.03991871,4.42,142,5.56,137,4.44,0.6,0.5,9.454,1.458,43.472,0.217473316,5.9,78,29,24,0.83,negative
37,71,24.21875,4.42,135,5.5,317,3.5,1.52,0.34,9.679,0.99,35.568,0.272126631,6.1,62,15,12,0.8,positive
38,77,22.98539751,4.27,142,6.55,334,4.42,1.64,0.41,16.01,2.58,72.88008,0.219675939,4.9,81,8,11,1.38,negative
39,74,23.65,4.45,133,9.98,182,7.76,1.43,0.66,12.25,2.44,52.81,0.23,4.9,81,16,15,0.94,positive
40,74,27.34,5.42,169,4.07,163,2.91,0.93,0.15,8.54,2.01,34.12,0.250293083,4.6,81,26,21,0.81,negative
41,71,44.71,4.29,121,7.77,239,5.71,1.47,0.44,21.55,2.82,39.71,0.54,5.3,71,14,18,1.29,positive
42,69,31.91930799,5.1,145,4.32,285,2.68,1.34,0.2,6.26,0.637,24.944,0.250962155,6.3,49,28,22,0.79,negative
43,74,27.34375,3.87,127,7.33,184,5.31,1.44,0.51,18.825,1.331,25.584,0.735811445,4.7,89,23,21,0.91,positive
44,72,24.22145329,4.61,135,6.98,214,4.78,1.58,0.41,20.823,8.236,68.796,0.302677481,4.1,65,12,13,1.08,negative
45,76,19.36247266,4.26,135,4.57,123,3.79,0.42,0.25,20.527,5.821,58.939,0.348275336,4.3,63,11,16,1.45,negative
46,79,25.95155709,5.22,158,7.06,162,4.71,1.75,0.47,11.86,3.14,56.883,0.208498145,8.4,79,18,20,1.11,negative
47,69,26.2345679,5.05,160,5.42,187,3.09,1.71,0.39,13.7,2.93,72.098,0.190019141,4.8,81,19,18,0.95,negative
48,76,31.14186851,4.86,150,9.35,253,6.81,1.59,0.6,16.389,2.602,44.3456,0.369574434,9.3,86,29,23,0.79,negative
49,75,22.49134948,4.37,134,7.86,314,5.46,1.54,0.66,45.361,5.115,81.536,0.556330946,4.4,55,22,16,0.73,negative
50,73,21.30394858,4.11,122,4.54,177,3.52,0.54,0.33,14.86,1.35,34.63,0.429,5.2,57,14,22,1.57,positive
51,87,27.47562949,3.82,114,4.76,291,3.2,1.24,0.23,4.6,0.48,49.2492,0.093402532,5.3,76,13,12,0.92,negative
52,77,25.35154137,2.9,91,3.14,175,1.39,1.44,0.24,16.45,1.832,96.642,0.170215848,6.2,66,6,12,1.9,negative
53,73,24.97398543,4.25,135,4.76,160,2.14,1.88,0.58,1.821,0.552,38.0562,0.047850285,4.2,92,28,23,0.82,negative
54,72,26.57312925,5.38,147,5.24,217,3.14,1.38,0.58,9.376,1.581,93.894,0.099857286,4.4,50,31,20,0.65,positive
55,68,23.183391,4.25,118,9.85,539,7.09,2.03,0.64,13.512,1.327,68.0108,0.198674328,4,52,14,13,0.93,negative
56,58,27.76,3.85,131,4.84,111,2.74,1.82,0.21,7.61,0.58,42.18,0.18,4.6,63,12,12,1,positive
57,77,24.22,5.25,155,7.59,179,5.3,1.9,0.31,13.34,2.61,151.56,0.09,5.1,78,24,24,1,negative
58,69,22.58955144,4.84,132,6.49,242,3.9,2.22,0.32,154,19.3,33.80832,4.555091764,4,56,22,35,1.59,positive
59,69,24.06,3.97,129,8.53,287,7.13,1.05,0.28,18.14,2.24,63.79,0.28,4.4,47,16,17,1.06,negative
60,69,22.49,4.46,140,4.15,92,3.3,0.38,0.43,25,2.97,45.01,0.555432126,6.1,78,22,28,1.27,negative
61,66,19.03114187,4.42,154,6.63,244,4.79,1.25,0.47,12.93,1.84,42.3852,0.305059313,5,66,10,16,1.6,negative
62,71,25.2825699,4.77,158,5.7,148,3.33,1.89,0.32,3.2,0.63,27.706,0.115498448,4.9,71,17,20,1.18,negative
63,77,20.83,3.66,112,4.61,178,2.88,1.1,0.44,8.07,1.01,30.98,0.260490639,4.3,54,28,29,1.04,positive
64,71,26.02758248,5.09,151,5.52,276,3.88,1.37,0.2,5.43,0.83,68.45904,0.079317501,5.4,67,13,15,1.15,negative
65,64,24.91349481,4.75,144,6.03,156,3.42,1.94,0.42,19.889,3.855,148.645,0.133802012,3.9,71,17,16,0.94,negative
66,96,21.484375,2.2,75,4.6,139,3.39,0.72,0.36,10.94,3.79,68.261,0.16026721,6,73,6,12,2.03,negative
67,70,27.75510204,4.7,141,9.64,214,6.77,1.84,0.97,131.714,11.718,49.44264,2.663975872,4.9,62,10,15,1.5,positive
68,76,23.39,3.85,119,11.06,136,9.48,1.04,0.46,21.59,2.62,52.31,0.41,10.7,63,42,33,0.79,positive
69,65,26.81,4.37,138,5.66,238,3.83,1.36,0.37,14.23,3.12,34.56,0.411747685,5.5,59,26,21,0.81,positive
70,73,25.1063327,4.6,147,7.47,270,4.74,1.76,0.81,4.1,0.688,50.909,0.080535858,3.9,69,20,19,0.95,negative
71,51,22.46003435,4.32,136,6.65,223,4.14,1.74,0.48,2.873,0.134,31.028,0.092593786,3.8,56,21,14,0.67,negative
72,61,23.98375407,3.8,111,3.19,369,1.86,1.06,0.21,154,19.3,22.922,6.718436437,4.7,70,14,20,1.43,positive
73,70,26.03,5.09,151,5.52,276,3.88,1.37,0.2,5.43,0.83,56.78,0.095632265,5.4,67,13,15,1.15,negative
74,85,20.76124567,4.18,124,7.62,227,5.61,1.3,0.5,108.173,9.159,58.509,1.848826676,5.1,90,6,11,1.83,positive
75,77,18.359375,3.66,112,7.23,190,4.71,1.73,0.58,4.572,1.544,70.08768,0.065232577,3.7,125,11,20,1.82,negative
76,69,25.51020408,5.12,152,7.82,212,4.66,2.47,0.44,8.46,1.723,58.136,0.145520848,4.8,69,23,22,0.96,negative
77,67,21.4532872,4.68,145,6.62,289,3.91,1.97,0.41,16.59,1.3,18.57,0.893376414,4.6,68,11,13,1.18,positive
78,76,22.95908766,4.28,134,12.11,237,9.81,1.61,0.66,13.17,1.72,27.3,0.482417582,5.6,53,12,15,1.31,positive
79,79,23.30668005,4.45,136,4.86,181,2.53,1.89,0.31,12.27,1.91,113.21856,0.108374457,4.8,79,8,10,1.25,negative
80,83,15.24334252,3.7,116,4.71,238,3.86,0.59,0.26,154,19.3,32.1048,4.796790511,5.4,48,13,10,0.77,positive
81,80,22.32142857,4.32,135,4.46,154,1.82,2.01,0.32,4.19,1.604,63.06456,0.066439851,4.5,79,22,27,1.21,negative
82,75,28.05570579,4.84,152,4.72,152,3.02,1.4,0.21,10.079,0.981,21.77552,0.462859211,5.9,77,32,26,0.81,positive
83,51,23.38868656,4.31,124,4.88,195,2.94,1.55,0.37,21.86,0.944,22.394,0.976154327,4.6,73,20,19,0.95,negative
84,60,25.08650519,3.31,110,12.08,256,9.4,1.58,0.6,28.882,2.775,67.90784,0.425311717,4.5,68,14,15,1.07,negative
85,70,25.82644628,5.18,159,11.39,150,9.33,1.4,0.6,28.401,4.946,74.07,0.383434589,6.4,90,37,18,0.49,positive
86,68,22.09317005,4.56,137,5.74,144,3.82,1.45,0.32,13.99,2.156,84.27796,0.165998323,4.2,79,12,16,1.33,negative
87,61,21.28027682,4.89,138,4.27,202,3.08,0.92,0.17,142.01,14.59,42.697,3.325994801,8.3,59,27,15,0.56,positive
88,74,27.54820937,4.68,143,9.34,218,7.59,1.07,0.53,5.47,0.96,31.39,0.174,5.8,68,13,13,1,negative
89,85,24.57,4.21,137,5.92,171,4.13,1.27,0.35,10.4,1.21,50.25,0.21,4.7,71,17,14,0.82,positive
90,63,28.71972318,4.5,146,4.44,230,2.85,1.12,0.31,7.712,1.696,85.077,0.090647296,5.2,74,31,24,0.77,negative
91,55,27.42857143,4.62,144,5.32,178,3.51,1.38,0.35,13.64,1.21,41.6,0.33,5.2,82,12,18,1.5,positive
92,88,25.95155709,3.97,124,4.19,130,2.41,1.33,0.24,52.14,8.01,68.735,0.758565505,5.4,137,6,11,1.83,positive
93,75,22.47658689,4.82,143,3.1,122,2.19,0.72,0.14,67.693,12.199,28.754,2.354211588,5.4,56,10,13,1.3,positive
94,61,24.09297052,3.93,130,5.62,251,3.05,1.83,0.51,24.12,7.05,60.32,0.399867374,5.5,69,14,15,1.07,positive
95,66,25.79591837,4.18,115,4.37,218,1.76,1.66,0.73,11.881,3.048,21.2784,0.558359651,4.7,64,12,20,1.67,negative
96,60,25.390625,5.14,153,5.38,258,2.92,1.9,0.23,7.502,1.452,33.25608,0.225582811,4.6,66,11,14,1.27,negative
97,79,22.85714286,4.86,143,4.26,240,2.82,1.05,0.25,30.889,2.276,92.6016,0.33356875,5.3,79,26,24,0.93,positive
98,89,26.14927686,4.14,132,9.37,357,5.64,2.43,0.57,26.25,3.08,196.15596,0.133822087,4.8,63,20,15,0.75,negative
99,73,27.35884546,4.96,160,8.28,217,5.39,2.21,0.37,6.774,1.269,70.356,0.096281767,5.5,58,22,19,0.84,negative
100,67,19.97,4.74,157,5.3,168,3.2,1.5,0.32,17.35,2.66,39.75,0.44,5.4,58,23,21,0.91,positive
101,69,23.4375,3.46,112,9.02,328,7.57,0.96,0.32,154,19.3,46.138,3.337812649,7,74,15,15,0.98,positive
102,65,31.14186851,5.37,164,4.87,150,2.19,2.31,0.3,23.39,5.13,136.504,0.17135029,7.8,84,44,27,0.61,negative
103,74,23.58832922,4.52,139,14.48,184,12.88,0.8,0.79,89.67,8.41,67.573,1.327009308,6.3,75,21,17,0.81,negative
104,73,26.06167931,4.55,146,6.61,164,4.24,1.87,0.4,4.941,1.424,40.154,0.123051253,5.2,64,27,28,1.04,negative
105,70,21.71806609,4.74,144,4.6,225,3.1,0.85,0.48,15.23,3.59,94.61,0.16,4.7,58,10,16,1.58,negative
106,72,23.66143862,5.01,154,5.09,111,2.2,2.48,0.34,24.814,2.893,98.426,0.252108183,4.6,75,11,15,1.36,negative
107,61,28.90625,5.6,171,6.07,276,3.52,1.93,0.27,22.71,5.89,45.11312,0.503401228,5.1,62,30,24,0.8,positive
108,66,21.87755102,4.09,133,3.83,186,2.38,1.01,0.26,114.918,3.754,34.8816,3.294516307,5.1,69,10,14,1.4,positive
109,79,27.34375,4.42,145,7.09,132,4.18,2.31,0.42,9.784,1.253,37.964,0.257717838,5.1,135,20,16,0.8,negative
110,72,31.63580247,4.89,147,7.11,155,5.53,1.16,0.36,11.477,4.653,114.88464,0.099900213,5.8,94,19,21,1.11,negative
111,75,22.86236854,4.54,139,10.59,188,8.58,1.27,0.49,5.067,1.13,37.88928,0.133731757,4.7,50,8,15,1.88,positive
112,69,21.09375,4.71,135,9.26,276,5.96,2.56,0.41,3.372,1.156,35.267,0.095613463,4,86,20,18,0.9,negative
113,63,23.71,4.7,142,5.87,271,3.88,1.55,0.32,9.25,1.94,78.9,0.117237009,7.2,61,17,19,1.12,positive
114,81,27.75510204,3.48,109,4.74,123,3.09,0.68,0.95,17536,1685.3,43.636,401.8700156,5,88,13,18,1.38,positive
115,65,29.296875,4.7,145,11.78,270,9.4,1.49,0.85,11.52,3.18,64.602,0.178322653,6.4,68,20,18,0.91,positive
116,79,23.4375,4.04,123,6.01,232,4.07,1.33,0.43,12.31,1.472,80.045,0.153788494,5.6,55,8,11,1.38,negative
117,74,21.4532872,5,157,6.03,214,4.22,1.21,0.51,11.74,2.52,79.56,0.147561589,5,78,8,12,1.5,positive
118,74,19.03114187,5.24,152,11.19,820,7.36,2.64,0.46,13.4,4.157,50.4504,0.265607408,4.2,63,29,31,1.07,negative
119,56,29.76,5.43,168,5.07,175,3.02,1.61,0.34,11.36,0.91,56.9,0.199648506,4.8,57,25,18,0.73,positive
120,70,24.39,4.76,159,4.25,165,2.55,1.32,0.24,10.66,2.67,43.21,0.246702152,5.3,50,17,22,1.29,negative
